id,archive_element_name,processing_message_to_archive,essence_element_name,processing_archive_processed_to_er_import_staging,processing_er_import_staging_to_er_base,column_name_change,renamable_column,jhu_development,history_field,column_length
1,Message_ID,Populated from Mirth; this ID is copied from the Archive Raw table for the message associated with the record in Archive Processed or Archive Exceptions table.  This value will be globally unique such that any ID appears one and only one time within the Archive.,Message_ID,Direct Input,Value from last message with same ESSENCE ID,NEW,Yes,NA,No,varchar(200)
2,Arrived_Date_Time,Date the message arrived at the BioSense Platform and was picked up for scrubbing,Arrived_Date_Time,Direct Input,Value from last message with same ESSENCE ID,NEW,Yes,NA,No,datetime
3,Create_Processed_Date_Time,Populate with the date/time the record is first written into the Processed Table of the BioSense Platform Archive,Create_Processed_Date_Time,Direct Input,Value from last message with same ESSENCE ID,Rename,Yes,NA,No,datetime
4,Create_Raw_Date_Time,Populate with the date/time the record is first written into the Raw Table of the BioSense Platform Archive,Create_Raw_Date_Time,Direct Input,Value from last message with same ESSENCE ID,NEW,Yes,NA,No,datetime
5,Update_Processed_Date_Time,"If a message is re-processed, this field should capture the reprocessing date/time.  Create_Date_Time should not change.",Update_Processed_Date_Time,Direct Input,Value from last message with same ESSENCE ID,Rename,Yes,NA,No,datetime
5.1,N/A,N/A,Create_ER_Import_Date_Time,ESSENCE populates this column with the date/time record was written to ER Import Staging,Value from last message with same ESSENCE ID,Yes,Yes,NA,No,datetime
5.2,N/A,N/A,Create_ER_Base_Date_Time,Placeholder for information derived during later processing.,Store the date/time the record was written into ER_Base,NEW,N/A,NA,N/A,datetime
6,Feed_Name,Mirth will set this value based on the feed associated with the incoming message.,Feed_Name,Direct Input,Value from last message with same ESSENCE ID,Rename,Yes,NA,No,varchar(80)
7,Channel_Name,Mirth will set this value,NA,Not Ingested,Not ingested,N/A,N/A,NA,N/A,NA
8,Sending_Application,"Direct input from HL7 message
MSH-3.1",Sending_Application,Direct Input,Value from last message with same ESSENCE ID,NEW,Yes,NA,No,varchar(200)
9,Receiving_Application,"Direct input from HL7 message
MSH-5.1",NA,Not Ingested,Not ingested,N/A,N/A,NA,No,NA
10,Receiving_Facility,"Direct input from HL7 message
MSH-6.1",NA,Not Ingested,Not ingested,N/A,N/A,NA,No,NA
11,Message_Type,"Direct input from HL7 message
MSH-9.1",Message_Type,Direct Input,Value from last message with same ESSENCE ID,Rename,Yes,NA,No,varchar(50)
12,Trigger_Event,"Direct input from HL7 message
MSH-9.2",Trigger_Event,Direct Input,Value from last message with same ESSENCE ID,Rename,Yes,NA,YES,varchar(50)
13,Message_Structure,"Direct input from HL7 message
MSH-9.3",NA,Not Ingested,Not ingested,N/A,N/A,NA,No,NA
14,Message_Control_ID,"Direct input from HL7 message
MSH-10.1",MessageControlID,Direct Input,Value from last message with same ESSENCE ID,No,No,NA,No,varchar(200)
15,Processing_ID,"Direct input from HL7 message
MSH-11.1",NA,Not Ingested,Not ingested,N/A,N/A,NA,No,NA
16,Version_ID,"Direct input from HL7 message
MSH-12.1",NA,Not Ingested,Not ingested,N/A,N/A,NA,No,NA
17,Message_Profile_ID,"Direct input from HL7 message
MSH-21.1",NA,Not Ingested,Not ingested,N/A,N/A,NA,No,NA
21,Site_ID,This value will be assigned during processing based on the feed_name from the message.,Site_ID,Direct Input,Value from last message with same ESSENCE ID,Rename,No,"New queryable field, CDC will provide the appropriate reference table structure to link site ID to a site name.",No,varchar(80)
22,Admit_Reason_Code,"Direct input from HL7 message:
* PV2-3.1
* PV2-3.4

Select first non-null value",Admit_Reason_Code,Direct Input,Value from last message with same ESSENCE ID.,Rename,Yes,NA,No,varchar(8000)
23,Admit_Reason_Description,"Direct input from HL7 message:
* PV2-3.2
* PV2-3.5

Select first non-null value and concatenate if repeating",NA,Not ingested,Not ingested,N/A,N/A,NA,No,NA
24,Admit_Reason_Segment,"Direct input from HL7 message
PV2-3

Concatenate repeating PV2-3 segments",NA,Not Ingested,Not ingested,N/A,N/A,NA,No,NA
24.1,Admit_Reason_Combo,"Store Admit_Reason_Code and Admit_Reason_Description in this field, accounting for null values.

For Repeating Codes store the values using the following methodology:
Code Description;Code Description;…

Note the space between Code and Description",Admit_Reason_Combo,Direct Input,Value from last message with same ESSENCE ID.,NEW,Yes,NA,No,varchar(MAX)
25,Chief_Complaint_Code,"OBX-5.1, OBX-5.4 segments where:
* OBX-3 Observation Identifier is 8661-1 and/or 11292-0
* OBX-2 = ""CWE""

Select first non-null value and concatenate if repeating",NA,Not Ingested,Not ingested,N/A,N/A,NA,No,NA
26,Chief_Complaint_Text,"OBX-5 segments where:
* OBX-3 Observation Identifier is 8661-1 and/or 11292-0
* OBX-2 = ""TX"" or ""CWE""

Select all non-null values and concatenate:
IF OBX-2=""TX"" then Chief_Complaint_Text = OBX-5.1
IF OBX-2=""CWE"" then Chief_Complaint_Text = concatenate(OBX-5.9, OBX-5.2, OBX-5.5)",NA,Not Ingested,Not ingested,N/A,N/A,NA,No,NA
27,Chief_Complaint_Segment,"Entire OBX segment where:
* OBX-3 Observation Identifier is 8661-1 and/or 11292-0
",NA,Not Ingested,Not ingested,N/A,N/A,NA,No,NA
27.1,Chief_Complaint_Combo,"Store Chief_Complaint_Code and Chief_Complaint_Description in this field, accounting for null values.

For Repeating Codes store the values using the following methodology:
Code Description;Code Description;…

Note the space between Code and Description",Chief_Complaint_Combo,Direct Input,Value from last message with same ESSENCE ID.,NEW,Yes,NA,No,varchar(MAX)
28,Chief_Complaint_Type,"Stores the type of information reflected in the Chief_Complaint_Text field.

Acceptable values:  ""CWE"" or ""TX"" or ""CW"" or ""CWE/TX"" or ""CW/CWE"" or ""CW/TX""",NA,Not Ingested,Not ingested,N/A,N/A,NA,No,NA
29,C_Chief_Complaint,"Hierarchically defined (select first non-null):
* Chief_Complaint_Text
* Admit_Reason_Description","ChiefComplaintOrig,
ChiefComplaintParsed",Direct input from C_Chief_Complaint to ChiefComplaintOrig,"ESSENCE will process and create ChiefComplaintParsed from ChiefComplaintOrig

1. ChiefComplaintOrig – first non-null value for that ESSENCE ID
2. ChiefComplaintParsed – first non-null value for that ESSENCE ID",No,No,NA,YES,varchar(MAX)
29.1,N/A,N/A,CCDDCategory_flat,Placeholder for information derived during later processing.,"Lists all the categories the ESSENCE ID is mapped to as part of the CCDD binning process, separated by semicolons.",No,NA,NA,NA,varchar(8000)
29.2,N/A,N/A,CCDD,Placeholder for information derived during later processing.,"ChiefComplaintParsed|DischargeDiagnosis

note that ChiefComplaintParsed is the first non-null for that ESSENCE ID and the DischargeDIagnosis is the last non-null for that ESSENCE ID.",No,NA,NA,NA,varchar(MAX)
30,C_Chief_Complaint_Source,"Select the value that populated C_Chief_Complaint.  Valid Values:
* Chief_Complaint_Text
* Admit_Reason_Description
* null (if C_Chief_Complaint is null)",C_Chief_Complaint_Source,Direct Input,Value from last message with same ESSENCE ID.,NEW,Yes,NA,No,varchar(MAX)
32,Age_Calculated,"OBX-5 segment where OBX-3 segment ID '29553-5'

NOTE: If the Age Calculated measurement reported does not ""fit"" into the decimal(6,2) datatype, the measurement will not be stored in Age_Calculated. The string value of the measurement will still be stored in Str_Age_Calculated.",NA,Not Ingested,Not Ingested,N/A,N/A,NA,No,NA
33,Age_Units_Calculated,OBX-6.2 segment where OBX-3 segment ID '29553-5',NA,Not Ingested,Not Ingested,N/A,N/A,NA,No,NA
34,Age_Reported,"OBX-5 segment where OBX-3 observation identifier of 21612-7 AGE-REPORTED (LOINC) and OBX-2 Value Type=""NM""

NOTE: If the Age Reported measurement reported does not ""fit"" into the decimal(6,2) datatype, the measurement will not be stored in Age_Reported. The string value of the measurement will still be stored in Str_Age_Reported.",NA,Not Ingested,Not Ingested,N/A,N/A,NA,No,NA
35,Age_Units_Reported,"OBX-6.2 segment where OBX-3 observation identifier of 21612-7 AGE-REPORTED (LOINC) and OBX-2 Value Type=""NM""",NA,Not Ingested,Not Ingested,N/A,N/A,NA,No,NA
36,Birth_Date_Time,"Direct input from HL7 message
PID-7.1",Birth_Date_Time,Direct Input,Value from last message with same ESSENCE ID.,Rename,Yes,NA,No,datetime
37,C_Patient_Age,"Select the first non-null value from:
* C_Visit_Date - Birth_Date**
* Age_Reported 
* Age_Calculated 

** when performing the calculation, store the numeric year value if the value >= 2 years (round down to the nearest integer); else, store the number of months and round down to the nearest integer ((i.e., 4.9 rounds to 4; 5.2 rounds to 5). If the number resolved is greater than 150 years the Birth_Date_Time column will be set to NULL and the calculation will continue down the hierarchy to Age_Reported or Age_Calculated.",C_Patient_Age,"Direct Input

Note that this C_Patient_Age will not seed ""Age"" in ESSENCE but should be preserved for reference.",Value from last message with same ESSENCE ID.,NEW,Yes,NA,No,varchar(50)
39,C_Patient_Age_Source,"Source used to populate C_Patient_Age.  Value set includes:
* ""Processed""
* ""Reported""
* ""Calculated""",C_Patient_Age_Source,Direct Input,Value from last message with same ESSENCE ID.,NEW,Yes,NA,No,varchar(50)
38,C_Patient_Age_Units,Units associated with the calculated patient age.,C_Patient_Age_Units,Direct Input,Value from last message with same ESSENCE ID.,NEW,Yes,NA,No,varchar(50)
39.1,C_Patient_Age_Years,"Resolve the value returned in C_Patient_Age into a normalized Years value. The age of the patient should round down to the nearest Integer.

* If C_Patient_Age_Units begins with an M we will divide that value by 12 and round down.
* If C_Patient_Age_Units begins with a W we will divide that value by 52 and round down.
* If C_Patient_Age_Units begins with a D we will divide that value by 365 and round down.
* If C_Patient_Age_Units begins with a Y or ANNUM we will round down to the nearest whole number.

NOTE: The age calculation does not account for leap years at this time. This means the C_Patient_Age may be incorrect for patients with close birth dates and visit dates.",Age,"Direct Input

Essence did not implement this requirement. However, they are achieving the same result by using the following logical statement(s):

SET Age = NULL WHERE Age <0 
SET Age = Age / 365 WHERE C_Patient_Age_Units LIKE 'D%'
SET Age = Age / 52 WHERE C_Patient_Age_Units LIKE 'W%'
SET Age = Age / 12 WHERE C_Patient_Age_Units LIKE 'M%'
NOTE: The ESSENCE age calculation does not account for leap years at this time. This means the C_Patient_Age may be incorrect for patients with close birth dates and visit dates.",Value from last message with same ESSENCE ID.,No,No,"Disable Age calculation in Groovy file.  CDC will sent integer year value for age directly to ""Age"" column.  Orig_Age will not be used.",No,varchar(50)
40,Patient_Class_Code,"Direct input from HL7 message
PV1-2.1","Patient_Class_Code,
PatientClass","Direct Input

Send data to both Patient_Class_Code and PatientClass.",Patient Class – last non null value for that ESSENCE ID (Example:  I),NEW,Yes,NA,YES,varchar(20)
41,Facility_Type_Code,"OBX-5 Segment where
* OBX-3 Observation Identifier SS003^Facility/visit type
* OBX-2=""CWE""

Populate this field with only the OBX-5.1 values (code)",Facility_Type_Code,Direct Input,Value from last message with same ESSENCE ID.,NEW,Yes,NA,Potential,varchar(50)
42,Facility_Type_Description,"OBX-5 Segment where
* OBX-3 Observation Identifier SS003^Facility/visit type
* OBX-2=""CWE""

Populate this field with only the OBX-5.2 values (descriptions)",Facility_Type_Description,Direct Input,Value from last message with same ESSENCE ID.,NEW,Yes,NA,Potential,varchar(600)
43,Facility_Type_Segment,"Entire OBX Segment where
* OBX-3 Observation Identifier SS003^Facility/visit type
* OBX-2=""CWE""

Populate this field with the entire OBX-5 segment",NA,Not Ingested,Not Ingested,N/A,N/A,NA,No,NA
44,C_FacType_Patient_Class,"Perform calculation based on another database variable.

IF Facility_Type_Code is null then C_FacType_Patient_Class is null
ELSE IF Facility_Type_Code=261QE0002X then C_FacType_Patient_Class=E
ELSE IF Facility_Type_Code=1021-5 then C_FacType_Patient_Class=I
ELSE IF Facility_Type_Code=261QM2500X then C_FacType_Patient_Class=O
ELSE IF Facility_Type_Code=261QP2300X then C_FacType_Patient_Class=O
ELSE IF Facility_Type_Code=261QU0200X then C_FacType_Patient_Class=O",C_FacType_Patient_Class,Direct Input,Value from last message with same ESSENCE ID.,NEW,Yes,NA,Potential,varchar(50)
45,C_Patient_Class,"Calculated patient class is set to: 
1) Patient_Class_Code (PV1-2) if it is non-null AND valid according to the PHIN standard (D, E, I, V, B, O, P, R)
2) ELSE use a mapped Patient_Class_Code (PV1-2), if non-null AND not valid AND one of the following mapped values: 
    - Emergency: E 
    - Inpatient: I 
    - Observation: V
     - EMER: E 
    - EMERGENCY: E
    - INPATIENT: I
    - HOS: I
    - OBSERVE: V
    - Emergency Department: E
    - Outpatient: O
    - ICU: I
     - Obsv: V
     - OUTPATIENT: O
     - ER: E
3) ELSE use C_FacType_Patient_Class
4) ELSE assign class value based on the inferred patient class associated with the primary entry on the MFT (C_MFT_Patient_Class).  (Requires a look-up to the MFT table for the entry flagged as primary with Site_ID-C_Facility_ID; return the Inferred_Patient_Class value matching that entry)",C_Patient_Class,Direct Input,"Calculated Patient Class – last non null value for that ESSENCE ID (Example:  I)
","NEW
No",Yes,NA,YES,varchar(50)
46,C_MFT_Patient_Class,"Return the default patient class for the facility from the MFT (i.e., return the patient class associated with the primary entry for the matching facility)",C_MFT_Patient_Class,Direct Input,Value from last message with same ESSENCE ID.,NEW,Yes,NA,No,varchar(20)
47,C_Patient_Class_Source,"Documents the source of the calculated patient class variable 
Valid Values:
* PV1 if C_Patient_Class populated from PV1-2.1 (Patient_Class_Code)
* OBX if C_Patient_Class populated from C_FacType_Patient_Class
* MFT if C_Patient_Class set from primary entry on MFT (C_MFT_Patient_Class)",C_Patient_Class_Source,Direct Input,"Value from last message with same ESSENCE ID. (Updates to the C_Patient_Class algorithm were made in September 2017 which may have resulted in updates to c_patient_class_source.   The C_Patient_Class updates were applied to retrospective data in ESSENCE however, c_patient_class_source updates were not made.   For ESSENCE data - Values in c_patient_class_source may not align with the source that was actually used to populate C_Patient_Class for records prior to mid-August 2017.  The core PROCESSED data does have the updated c_patient_class_source.",NEW,Yes,NA,Potential,varchar(20)
48,Treating_Facility_ID,"Direct input from HL7 message
EVN-7.2",Treating_Facility_ID,Direct Input,Value from last message with same ESSENCE ID.,NEW,Yes,NA,No,varchar(200)
49,Sending_Facility_ID,"Direct Input from HL7 Message: 
MSH-4.2 
MSH-4.1

Select the first non-null value",Sending_Facility_ID,Direct Input,Value from last message with same ESSENCE ID.,Rename,Yes,NA,No,varchar(200)
50,C_Facility_ID_Source,"Return the source of the C_Facility_ID value.  Valid values:
* EVN-7.2
* MSH-4.2
* MSH-4.1",C_Facility_ID_Source,Direct Input,Value from last message with same ESSENCE ID.,NEW,Yes,NA,No,varchar(50)
51,C_Facility_ID,"Return the first non-null and valid value:
* Treating_Facility_ID (EVN-7.2)
* Sending_Facility (MSH-4.2 else 4.1)
Prepend winning Facility ID with the Site_ID of the current record.

A valid value is one that is found on the MFT/Crosswalk:
* Compare the facility value to the Facility IDs associated with the site associated with the message; if the facility value exists then set C_Facility_ID to that facility value, store the source of that calculation in C_Facility_ID_Source.

If no valid values are found, set C_Facility_ID = the first non-null value, store the source of that value, and write the record to the Exceptions table.",c_facility_id,Direct Input,Value from last message with same ESSENCE ID.,NEW,No,NA,No,varchar(200)
52,Sending_Facility_ID_Source,"Return the source of the Sending_FacilityID value.  Valid values:
* MSH-4.2 
* MSH-4.1",NA,Not Ingested,Not Ingested,N/A,N/A,NA,No,NA
53,C_Processed_Facility_ID,"Concatenate the following fields, using no separator:
* C_Facility_ID (includes Site_ID)
* C_Patient_Class",C_Processed_Facility_ID,Direct Input,Value from last message with same ESSENCE ID.,NEW,Yes,NA,No,varchar(300)
54,Admit_Date_Time,"Direct input from HL7 message
PV1-44.1",Admit_Date_Time,Direct Input,Value from last message with same ESSENCE ID.,NEW,Yes,NA,No,datetime
55,Discharge_Date_Time,"Direct input from HL7 message
PV1-45.1",Discharge_Date_Time,Direct Input,Value from last message with same ESSENCE ID.,Rename,Yes,NA,No,datetime
56,Observation_Date_Time,"Direct input from HL7 message
OBX-14

If repeating, select the earliest date.",NA,Not Ingested,Not Ingested,N/A,N/A,NA,No,NA
57,Procedure_Date_Time,"Direct input from HL7 message
PR1-5.1

If repeating, select the earliest date.",Procedure_Date_Time,Direct Input,Value from last message with same ESSENCE ID.,NEW,Yes,NA,No,datetime
58,Death_Date_Time,"Direct input from HL7 message
PID-29.1",Death_Date_Time,Direct Input,Value from last message with same ESSENCE ID.,Rename,Yes,NA,No,datetime
59,Recorded_Date_Time,"Direct input from HL7 message
EVN-2.1",Recorded_Date_Time,Direct Input,Value from last message with same ESSENCE ID.,NEW,Yes,NA,No,datetime
60,Message_Date_Time,"Direct input from HL7 message
MSH-7.1",MessageDateTime,Direct Input,Value from last message with same ESSENCE ID.,No,No,NA,No,datetime
61,Diagnosis_Date_Time,"Direct input from HL7 message
DG1-5.1

If repeating, select the earliest date.",Diagnosis_Date_Time,Direct Input,Value from last message with same ESSENCE ID.,Rename,Yes,NA,No,datetime
62,C_Visit_Date_Time,"Return the first non-null from:
* Admit Date/Time (PV1-44.1)
* Earliest Date/Time from:
** Discharge Date/Time (PV1.45.1) 
** Procedure Date/Time (PR1.5.1)
** Patient Death Date/Time (PID.29.1)
** Recorded Date/Time of Message (EVN.2.1)
** Date/Time of Message (MSH.7.1)

If this field is ever null then the record should not be processed into the Archive successfully. (i.e., Exceptions table)",C_Visit_Date_Time,Direct Input,Value from last message with same ESSENCE ID.,Rename,Yes,"C_Visit_Date_Time to be used in place of VisitDateTime or CDC_Earliest_Date_Time in Staging, Base, and any calculations.",No,datetime
62.1,N/A,N/A,"Date,
Time",ESSENCE will automatically populate Date and Time from C_Visit_Date_Time and parse as appropriate,ESSENCE will automatically populate Date and Time from C_Visit_Date_Time and parse as appropriate,No,No,NA,No,datetime
64,C_Visit_Date,Date only portion of the C_Visit_Date_Time,NA,Not Ingested,Not Ingested,N/A,N/A,NA,No,NA
65,C_Visit_Date_Source,"Returns the source of the date/time recorded in C_Visit_Date.  Valid values:
* ""Admit""
* ""Discharge""
* ""Procedure""
* ""Death""
* ""Recorded""
* ""Message""",C_Visit_Date_Source,Direct Input,Value from last message with same ESSENCE ID.,NEW,Yes,NA,No,varchar(50)
66,Time_Zone,"Direct input from HL7 message MSH-7

Take any characters proceeding the + or - sign in the MSH-7",Time_Zone,Direct Input,Value from last message with same ESSENCE ID.,NEW,Yes,NA,No,varchar(50)
67,First_Patient_ID,"Direct input from HL7 message
PID-3.1

Select the FIRST non-null value in the PID-3 segment regardless of the Type (PID-3.5)",NA,Not Ingested,Not Ingested,N/A,N/A,NA,No,NA
68,First_Patient_ID_Assigning_Authority,"Direct input from HL7 message
PID-3.4 value 

Take only the value associated with the first non-null PID-3.1 value.",NA,Not Ingested,Not Ingested,N/A,N/A,NA,No,NA
69,First_Patient_ID_Assigning_Facility,"Direct input from HL7 message
PID-3.6 value 

Take only the value associated with the first non-null PID-3.1 value.",NA,Not Ingested,Not Ingested,N/A,N/A,NA,No,NA
70,First_Patient_ID_Type_Code,"Direct input from HL7 message
PID-3.5 value 

Take only the value associated with the first non-null PID-3.1 value.",NA,Not Ingested,Not Ingested,N/A,N/A,NA,No,NA
71,Patient_Account_Number,"Direct input from HL7 message
PID-18.1",NA,Not Ingested,Not Ingested,N/A,N/A,NA,No,NA
72,Visit_ID,"Direct input from HL7 message
PV1-19.1",Visit_ID,Direct Input,Value from last message with same ESSENCE ID.,NEW,Yes,NA,No,varchar(100)
73,Visit_ID_Assigning_Authority,"Direct input from HL7 message
PV1-19.4",NA,Not Ingested,Not Ingested,N/A,N/A,NA,No,NA
74,Visit_ID_Assigning_Facility,"Direct input from HL7 message
PV1-19.6",NA,Not Ingested,Not Ingested,N/A,N/A,NA,No,NA
75,Medical_Record_Number,"
Direct input from HL7 message, select the first non-null PID-3.1 value 
WHERE
PID-3.5 = ""MR"" (Medical Record Number)",Medical_Record_Number,Direct Input,Value from last message with same ESSENCE ID.,No,No,NA,No,varchar(210)
76,Medical_Record_Number_Assigning_Authority,"Direct input from HL7 message
PID-3.4 value 
WHERE
PID-3.5 = ""MR"" (Medical Record Number)

Take only the value associated with the PID-3.1 value stored in Medical_Record_Number",NA,Not Ingested,Not Ingested,N/A,N/A,NA,No,NA
77,Medical_Record_Number_Assigning_Facility,"Direct input from HL7 message
PID-3.6 value 
WHERE
PID-3.5 = ""MR"" (Medical Record Number)

Take only the value associated with the PID-3.1 value stored in Medical_Record_Number",NA,Not Ingested,Not Ingested,N/A,N/A,NA,No,NA
78,C_Unique_Patient_ID,"Field must be populated.  If not populated, record is sent to the Exceptions table.

Scan the following fields/ HL7 segments and select the first non-null value:
* Medical_Record_Number
* Patient ID (PID-2.1) [Legacy]
* First_Patient_ID (PID-3)
* Patient_Account_Number (PID-18) 
* Visit_Number (PV1-19)","C_Unique_Patient_ID,
MedRecNo",Direct Input,"Value from last message with same ESSENCE ID.

Set MedRecNo = <Hospital>_C_Unique_Patient_ID",NEW,Yes,NA,No,"varchar(100) - C_Unique_Patient_ID

varchar(301) - MedRecNo"
79,C_Unique_Patient_ID_Source,"Return the source for Unique_Patient_ID.  Valid values:
* MedRecNo (PID-3)
* Legacy Patient ID (PID-2)
* Legacy PID-4 (PID-4) 
   * (PID-4 only applies to legacy migration)
* First Patient ID (PID-3)
* Patient Acct Num (PID-18)
* Visit Number (PV1-19)",C_Unique_Patient_ID_Source,Direct Input,Value from last message with same ESSENCE ID.,NEW,Yes,NA,No,varchar(100)
80,Patient_Death_Indicator,"Direct input from HL7 message
PID-30.1",NA,Not Ingested,Not Ingested,N/A,N/A,NA,No,NA
81,C_Death,"Set to ""Yes"" IF:
* PID-30.1 (Patient_Death_Indicator) = ""yes"" and/or
* PID-29.1 is not null and/or
* PV1-36.1 contains ""20,"" ""22,"" ""23,"" ""24,"" ""25,"" ""26,"" ""27,"" ""28,"" ""29,"" ""40,"" ""41,"" or ""42""

ELSE set to ""No""",C_Death,Direct Input,Value from last message with same ESSENCE ID.,Rename,Yes,NA,No,varchar(50)
82,C_Death_Source,"Return the source for C_Death.  Valid values:
* Indicator
* Death Date
* Disposition",C_Death_Source,Direct Input,Value from last message with same ESSENCE ID.,NEW,Yes,NA,No,varchar(50)
83,C_BioSense_ID,"Concatenate the following fields, do not use a separator:
* C_Visit_Date
* C_BioSense_Facility_ID 
* C_Unique_Patient_ID",C_BioSense_ID,Direct Input,Value from last message with same ESSENCE ID.,NEW,Yes,NA,No,varchar(400)
84,C_Processed_BioSense_ID,"Concatenate the following fields, do not use a separator:
* C_Visit_Date
* C_BioSense_Facility_ID
* C_Patient_Class
* C_Unique_Patient_ID",C_Processed_BioSense_ID,Direct Input,Value from last message with same ESSENCE ID.,NEW,Yes,NA,No,varchar(500)
85,Patient_Zip,"Direct input from HL7 message
PID-11.5","Patient_Zip, 
ZipCode","Direct Input to Patient_Zip

Send only the first 5 digits of the Patient_Zip field to ZipCode field.",Value from last message with same ESSENCE ID.  Note that ZipCode contains only 5 characters.,"NEW
No",No,NA,No,"varchar(20) - Patient_Zip

varchar(50) - ZipCode"
86,C_Patient_County,"Return the first non-null value from:
* PID-12.1
* PID-11.9",C_Patient_County,Direct Input,Value from last message with same ESSENCE ID.,NEW,Yes,NA,No,varchar(100)
87,C_Patient_County_Source,"Return the source of the first non-null value for patient_county.  Valid values:
* PID-12.1
* PID-11.9",C_Patient_County_Source,Direct Input,Value from last message with same ESSENCE ID.,NEW,Yes,NA,No,varchar(50)
88,Diagnosis_Code,"Direct input from HL7 message.
DG1-3.1, DG1-3.4

Select first non-null value and concatenate if repeating. (Note: semicolon is placed in first character to facilitate searches)",DischargeDiagnosis,Direct Input,Last non-null value for that ESSENCE ID,No,No,NA,YES,varchar(MAX)
89,Diagnosis_Description,"Direct input from HL7 message:
DG1-3.2, DG1-3.5

Select first non-null value and concatenate if repeating. (Note: semicolon is placed in first character to facilitate searches)",NA,Not ingested,Not Ingested,N/A,N/A,NA,No,NA
90,Diagnosis_Segment,"Direct input from HL7 message
DG1-3

Concatenate repeating segments",NA,Not Ingested,Not Ingested,N/A,N/A,NA,No,NA
90.1,Diagnosis_Combo,"Store Diagnosis_Code and Diagnosis_Description in this field, accounting for null values.

For Repeating Codes store the values using the following methodology:
Code Description;Code Description;…

Note the space between Code and Description",Diagnosis_Combo,Direct Input,Value from last message with same ESSENCE ID.,NEW,Yes,NA,No,varchar(MAX)
91,Diagnosis_Type,"Direct input from HL7 message
DG1-6.1

Concatenate repeating values",Diagnosis_Type,Direct Input,"Value from last message with same ESSENCE ID.

The underlying data is stored as PHVS diagnosis type codes with values:
A
F
W
U

The “visual” reports users will see will have “descriptive” labels of:
Admitting (for A)
Final (for F)
Working (for W)
Unknown (for U)",Rename,Yes,Ensure that the data we send to Diagnosis_Type is reflected in the Diagnosis Type from the Query tool.,No,varchar(MAX)
93,Discharge_Disposition,"Direct input from HL7 message
PV1-36.1",DischargeDisposition,Direct Input,"Last non-null value for that ESSENCE ID

The underlying data is stored in the format it was sent (usually disposition codes). The ""visual"" reports users will see on ESSENCE front end display a disposition category which is mapped from the underlying data using a reference table. This table can be found on the DispositionCategory Mapping tab of this spreadsheet.

Note: When DischargeDisposition involves death mapping, you may see different values than expected in other death related fields. This is because other death fields process the value from the last message with same ESSENCE ID, not the last non-null value (as DischargeDisposition does). Other ""special"" fields that may need updating are in queue for discussion.",No,No,NA,YES,varchar(MAX)
93.1,N/A,N/A,Category_flat,Placeholder for information derived during later processing.,Resultant semicolon delimited list of Categories/Syndromes from the Chief Complaint Processor,No,Yes,NA,No,varchar(8000)
93.2,N/A,N/A,SubCategory_flat,Placeholder for information derived during later processing.,Resultant semicolon delimited list of Sub-categories/Sub-syndromes from the Chief Complaint Processor,No,Yes,NA,No,varchar(8000)
94,Triage_Notes,"Entire OBX segment where:
* OBX-3 Observation Identifier 54094-8 Emergency Department Triage Notes
* OBX-2=""TX""

Populate this field with the OBX-5.1 segment; concatenate repeating segments",TriageNotesOrig,"Direct input 

(send our Triage_Notes to ESSENCE TriageNotesOrig, that will be parsed into TriageNotesParsed)",Value from last message with same ESSENCE ID.,No,No,NA,No,varchar(MAX)
95,Administrative_Sex,"Direct input from HL7 message
PID-8.1","Sex,
Orig_Sex","Direct Input

Send data to ""Sex."" ESSENCE uses Orig_Sex for auditing bad values.","Value from last message with same ESSENCE ID. Ingestion ER_Import trims ""Sex"" to keep only the first character of the string; the full string value continues to be stored in Orig_Sex.   Note: ESSENCE accounts for NULL values by storing the value as N (for not reported). This was done to address denominator discrepancies.

The underlying data is stored as a single character with values:
M
F
U
N

The “visual” reports users will see will have “descriptive” labels of:
Male (for M)
Female (for F)
Unknown (for U)
Not Reported (for N)",No,No,NA,No,varchar(50)
96,Race_Code,"Direct input from HL7 message:
PID-10.1, PID-10.4

Select first non-null value and concatenate if repeating",Race,"Direct Input, send only first race code if field contains repeating values","Value from last message with same ESSENCE ID. Note: Ingestion ER_Base sets Race = NR (for not reported) if Race=NULL or ''.

The underlying data is stored as PHVS race codes with values:
1002-5
2028-9
2054-5
2076-8
2131-1
2106-3
NR

The “visual” reports users will see will have “descriptive” labels of:
American Indian or Alaska Native (for 1002-5)
Asian (for 2028-9)
Black or African American (for 2054-5)
Native Hawaiian or Other Pacific Islander (for 2076-8)
Other Race (for 2131-1)
White (for 2106-3)
Not Reported (for NR)",No,No,NA,No,varchar(100)
97,Race_Description,"Direct input from HL7 message:
PID-10.2, PID-10.5

Select first non-null value and concatenate if repeating",NA,"Direct Input, send only first race code if field contains repeating values",Not Ingested,N/A,N/A,NA,No,NA
98,Race_Segment,"Direct input from HL7 message
PID-10 segment

concatenate repeating segments (non-null only)",NA,Not Ingested,Not Ingested,N/A,N/A,NA,No,NA
99,Ethnicity_Code,"Direct input from HL7 message:
PID-22.1, PID-22.4

Select first non-null value and concatenate if repeating",Ethnicity,"Direct Input, send only first ethnicity code if field contains repeating values.","Value from last message with same ESSENCE ID.  Note: Ingestion ER_Base sets Ethnicity = NR (for not reported) if Ethnicity=NULL or ''.

The underlying data is stored as PHVS ethnicity codes with values:
2135-2
2186-5
NR

The “visual” reports users will see will have “descriptive” labels of:
Hispanic or Latino (for 2135-2)
Not Hispanic or Latino (for 2186-5)
Not Reported (for NR)",No,No,NA,No,varchar(100)
100,Ethnicity_Description,"Direct input from HL7 message:
PID-22.2, PID-22.5

Select first non-null value and concatenate if repeating",NA,Not Ingested,Not Ingested,N/A,N/A,NA,No,NA
101,Ethnicity_Segment,"Direct input from HL7 message
PID-22 segment

concatenate repeating segments (non-null only)",NA,Not Ingested,Not Ingested,N/A,N/A,NA,No,NA
102,"Str_Initial_Temp,
Initial_Temp_Units","OBX-5.1 Segment where
* OBX-3 = 11289-6 AND/OR
* OBX-3 = 8310-5 AND
* OBX-2 = ""NM""
concatenate repeating segments
Stored as a String in the database.

OBX-6.2 Segment where
* OBX-3 = 11289-6 AND/OR
* OBX-3 = 8310-5 AND
* OBX-2 = ""NM""
concatenate repeating segments","Initial_Temp,
Initial_Temp_Calc","Concatenate the first complete pair with a space (Str_Initial_Temp and Initial_Temp_Units) and send the string to Initial_Temp in ESSENCE.

Example: 36.6 Cel","ESSENCE normalizes values in Initial_Temp to (numeric, F) and moves the numeric value (without the units) from the last message with same ESSENCE ID to Initial_Temp_Calc. 

Example: 36.6 Cel would normalize to 97.9",Rename,Yes,NA,No,"varchar(50) - Initial_Temp

numeric - Initial_Temp_Calc"
104,Assigned_Patient_Location,"Direct input from HL7 message
PV1-3.1",NA,Not Ingested,Not Ingested,N/A,N/A,NA,No,NA
105,Alternate_Visit_ID,"Direct input from HL7 message
PV1-50.1",NA,Not Ingested,Not Ingested,N/A,N/A,NA,No,NA
106,Procedure_Code,"Direct input from HL7 message:
PR1-3.1, PR1-3.4

Select first non-null value and concatenate if repeating",Procedure_Code,Direct Input,Value from last message with same ESSENCE ID.,Rename,Yes,NA,No,varchar(MAX)
107,Procedure_Description,"Direct input from HL7 message.
PR1-3.2, PR1-3.5

Select first non-null value and concatenate if repeating",NA,Not Ingested,Not Ingested,N/A,N/A,NA,No,NA
108,Procedure_Segment,"Direct input from HL7 message
PR1-3 segment

if repeating, concatenate segments",NA,Not Ingested,Not Ingested,N/A,N/A,NA,No,NA
118.1,Initial_Acuity_Combo,"Store Initial_Acuity_Code and Initial_Acuity_Description in this field, accounting for null values.

For Repeating Codes store the values using the following methodology:
Code Description;Code Description;…

Note the space between Code and Description",Initial_Acuity_Combo,Direct Input,Value from last message with same ESSENCE ID.,NEW,Yes,NA,No,varchar(MAX)
109,Onset_Date,"OBX-5.1 segment where:
* OBX-3 = 11368-8
* OBX-2=""TS""",Onset_Date,Direct Input,Value from last message with same ESSENCE ID.,Rename,Yes,NA,No,datetime
110,Clinical_Impression,"Entire OBX segment where:
* OBX-3 = 44833-2
* OBX-3 = 11300-1
* OBX-2 = ""TX""

If repeating, concatenate values",ClinicalImpression,Direct Input,Value from last message with same ESSENCE ID.,No,No,NA,No,varchar(MAX)
111,Problem_List_Code,"OBX-5.1, OBX-5.4 segment where:
* OBX-3 = 11450-4 AND/OR
* OBX-3 = 18624-7 OR
* OBX-2 = ""CWE""

Select all non-null values and concatenate if repeating",Problem_List_Code,Direct Input,Value from last message with same ESSENCE ID.,Rename,Yes,NA,No,varchar(MAX)
112,Problem_List_Description,"OBX-5 segment where:
* OBX-3 = 11450-4 AND/OR
* OBX-3 = 18624-7 OR
* OBX-2 = ""CWE""

Populate with OBX-5.2, OBX-5.5, OBX-5.9.  If repeating, concatenate values.",NA,Not Ingested,Not Ingested,N/A,N/A,NA,No,NA
152.1,Medication_Combo,"Store Medication_Code and Medication_Description in this field, accounting for null values.

For Repeating Codes store the values using the following methodology:
Code Description;Code Description;…

Note the space between Code and Description",Medication_Combo,Direct Input,Value from last message with same ESSENCE ID.,NEW,Yes,NA,No,varchar(MAX)
113,Problem_List_Segment,"Entire OBX segment where:
* OBX-3 = 11450-4 AND/OR
* OBX-3 = 18624-7 OR
* OBX-2 = ""CWE""

Populate with OBX-5 segment.  If repeating, concatenate values.",NA,Not Ingested,Not Ingested,N/A,N/A,NA,No,NA
114,"Initial_Pulse_Oximetry,
Initial_Pulse_Oximetry_Units","OBX-5.1 segment where:
* OBX-3 = 59408-5 
* OBX-2=""NM""

OBX-6.2 segment where:
* OBX-3 = 59408-5 
* OBX-2=""NM""","Initial_Pulse_Oximetry,
Initial_Pulse_Oximetry_Calc",Concatenate the first complete pair (Initial_Pulse_Oximetry and Initial_Pulse_Oximetry_Units) and send the string to Initial_Pulse_Oximetry in ESSENCE.,ESSENCE normalizes all values and moves the value from the last message with same ESSENCE ID to Initial_Pulse_Oximetry_Calc.,Rename,Yes,"Will column Initial_Pulse_Oximetry_Calc feed the query tool?  In current schema, this is a varchar field.",No,varchar(50)
116,Initial_Acuity_Code,"OBX-5.1, OBX-5.4 segment where:
* OBX-3 = 11283-9
* OBX-2=""CWE""

Select first non-null value and concatenate if repeating",Initial_Acuity_Code,Direct Input,Value from last message with same ESSENCE ID.,NEW,Yes,NA,No,varchar(255)
117,Initial_Acuity_Description,"OBX-5 segment where:
* OBX-3 = 11283-9
* OBX-2=""CWE""

Concatenate non-null values from OBX-5.2, OBX-5.5, OBX-5.9",NA,Not ingested,Not Ingested,N/A,N/A,NA,No,NA
118,Initial_Acuity_Segment,"Entire OBX segment where:
* OBX-3 = 11283-9
* OBX-2=""CWE"" or ""TX""",NA,Not Ingested,Not Ingested,N/A,N/A,NA,No,NA
112.1,Problem_List_Combo,"Store Problem_List_Code and Problem_List_Description in this field, accounting for null values.

For Repeating Codes store the values using the following methodology:
Code Description;Code Description;…

Note the space between Code and Description",Problem_List_Combo,Direct Input,Value from last message with same ESSENCE ID.,NEW,Yes,NA,No,varchar(MAX)
120,Unique_Physician_Identifier,"Direct input from HL7 message
PV1-7.1",Unique_Physician_Identifier,Direct Input,Value from last message with same ESSENCE ID.,NEW,Yes,NA,No,varchar(100)
121,Unique_Physician_Identifier_AssigningAuthority,"Direct input from HL7 message
PV1-7.9",NA,Not Ingested,Not Ingested,N/A,N/A,NA,No,NA
122,Provider_Type_Code,"OBX-5.1, OBX-5.4 segment where:
* OBX-3 = ""54582-2"" Provider Type
* OBX-2 = ""CWE""

Select first non-null value and concatenate if repeating",Provider_Type_Code,Direct Input,Value from last message with same ESSENCE ID.,Rename,Yes,NA,No,varchar(50)
123,Provider_Type_Description,"OBX-5 segment where:
* OBX-3 = ""54582-2"" Provider Type
* OBX-2 = ""CWE""

Include non-null values for OBX-5.2, OBX-5.5, OBX-5.9",NA,Not Ingested,Not Ingested,N/A,N/A,NA,No,NA
124,Provider_Type_Segment,"Entire OBX segment where:
* OBX-3 = ""54582-2"" Provider Type
* OBX-2 = ""CWE""",NA,Not Ingested,Not Ingested,N/A,N/A,NA,No,NA
108.1,Procedure_Combo,"Store Procedure_Code and Procedure_Description in this field, accounting for null values.

For Repeating Codes store the values using the following methodology:
Code Description;Code Description;…

Note the space between Code and Description",Procedure_Combo,Direct Input,Value from last message with same ESSENCE ID.,NEW,Yes,NA,No,varchar(MAX)
125,Patient_City,"Direct input from HL7 message
PID-11.3",Patient_City,Direct Input,Value from last message with same ESSENCE ID.,NEW,Yes,NA,No,varchar(80)
126,Patient_State,"Direct input from HL7 message
PID-11.4",Patient_State,Direct Input,"Value from last message with same ESSENCE ID. (Note the STATE column in ESSENCE is populated based on the state associated with the patient zip code, per an ESSENCE supplied zip code to state/region mapping file.  The Patient_State supplied through NSSP Processed data is stored in a separate column named Patient_State.   ESSENCE's STATE column is used in Patient Location related queries.)",Rename,Yes,NA,No,varchar(50)
126.1,N/A,N/A,Region,This field will not be populated for CDC processing.,Not populated in ER_Base. It is populated in the Cache_ER_Base using the Patient's Zipcode.,No,NA,NA,NA,varchar(50)
127,Patient_Country,"Direct input from HL7 message
PID-11.6",Patient_Country,Direct Input,Value from last message with same ESSENCE ID.,Rename,Yes,NA,No,varchar(50)
128,Hospital_Unit_Code,"OBX-5.1, OBX-5.4 segment where:
* OBX-3 = ""56816-2"" Patient Location (LOINC)
* OBX-2 = ""CWE""

Select first non-null value and concatenate if repeating",Hospital_Unit_Code,Direct Input,Value from last message with same ESSENCE ID.,Rename,Yes,NA,No,varchar(50)
129,Hospital_Unit_Description,"OBX-5.2, OBX-5.5, OBX-5.9 segment where:
* OBX-3 = ""56816-2"" Patient Location (LOINC)
* OBX-2 = ""CWE""

Select first non-null value and concatenate if repeating",Hospital_Unit_Description,Direct Input,Value from last message with same ESSENCE ID.,NEW,Yes,NA,No,varchar(600)
130,Hospital_Unit_Segment,"Entire OBX segment where:
* OBX-3 = ""56816-2"" Patient Location (LOINC)
* OBX-2 = ""CWE""",NA,Not Ingested,Not Ingested,N/A,N/A,NA,No,NA
131,Height,"OBX-5.1 segment where:
* OBX-3 = ""8302-2"" Body Height (LOINC)
* OBX-2 = ""NM""

NOTE: If the Height measurement reported does not ""fit"" into the decimal(6,2) datatype, the measurement will not be stored in Height. The string value of the measurement will still be stored in Str_Height.",Height,Direct Input,Value from last message with same ESSENCE ID.,No,Yes,NA,No,varchar(50)
132,Height_Units,"OBX-6.2 segment where:
* OBX-3 = ""8302-2"" Body Height (LOINC)
* OBX-2 = ""NM""",Height_Units,Direct Input,Value from last message with same ESSENCE ID.,Rename,Yes,NA,No,varchar(50)
133,Weight,"OBX-5.1 segment where:
* OBX-3 = ""3141-9"" Body Weight Measured (LOINC)
* OBX-2 = ""NM""

NOTE: If the Weight measurement reported does not ""fit"" into the decimal(6,2) datatype, the measurement will not be stored in Weight. The string value of the measurement will still be stored in Str_Weight.",Weight,Direct Input,Value from last message with same ESSENCE ID.,No,Yes,NA,No,varchar(50)
134,Weight_Units,"OBX-6.2 segment where:
* OBX-3 = ""3141-9"" Body Weight Measured (LOINC)
* OBX-2 = ""NM""",Weight_Units,Direct Input,Value from last message with same ESSENCE ID.,Rename,Yes,NA,No,varchar(50)
135,Body_Mass_Index,"OBX-5.1 segment where:
* OBX-3 = ""59574-4"" Body Mass Index (LOINC)
* OBX-2 = ""NM""",Body_Mass_Index,Direct Input,Value from last message with same ESSENCE ID.,Rename,Yes,NA,No,varchar(50)
136,Smoking_Status_Code,"OBX-5.1, OBX-5.4 segment where:
* OBX-3 = ""72166-3"" Tobacco Smoking Status (LOINC)
* OBX-2 = ""CWE""

Select first non-null value and concatenate if repeating",Smoking_Status_Code,Direct Input,Value from last message with same ESSENCE ID.,Rename,Yes,NA,No,varchar(50)
137,Smoking_Status_Description,"OBX-5 segment where:
* OBX-3 = ""72166-3"" Tobacco Smoking Status (LOINC)
* OBX-2 = ""CWE""

Include non-null values for OBX-5.2, OBX-5.5, OBX-5.9",NA,Not Ingested,Not Ingested,N/A,N/A,NA,No,NA
138,Smoking_Status_Segment,"Entire OBX segment where:
* OBX-3 = ""72166-3"" Tobacco Smoking Status (LOINC)
* OBX-2 = ""CWE""",NA,Not Ingested,Not Ingested,N/A,N/A,NA,No,NA
139,Systolic_Blood_Pressure,"OBX-5.1 segment where:
* OBX-3 = ""8480-6""
* OBX-2 = ""NM""",Systolic_Blood_Pressure,Direct Input,Value from last message with same ESSENCE ID.,NEW,Yes,NA,No,varchar(50)
140,Systolic_Blood_Pressure_Units,"OBX-6.2 segment where:
* OBX-3 = ""8480-6""
* OBX-2 = ""NM""",Systolic_Blood_Pressure_Units,Direct Input,Value from last message with same ESSENCE ID.,NEW,Yes,NA,No,varchar(50)
141,Diastolic_Blood_Pressure,"OBX-5.1 segment where:
* OBX-3 = ""8462-4""
* OBX-2 = ""NM""",Diastolic_Blood_Pressure,Direct Input,Value from last message with same ESSENCE ID.,NEW,Yes,NA,No,varchar(50)
142,Diastolic_Blood_Pressure_Units,"OBX-6.2 segment where:
* OBX-3 = ""8462-4""
* OBX-2 = ""NM""",Diastolic_Blood_Pressure_Units,Direct Input,Value from last message with same ESSENCE ID.,NEW,Yes,NA,No,varchar(50)
143,Systolic_Diastolic_Blood_Pressure,"OBX-5 segment where:
* OBX-3 = ""35094-2""
* OBX-2 = ""SN""",Systolic_Diastolic_Blood_Pressure,Direct Input,Value from last message with same ESSENCE ID.,NEW,Yes,NA,No,varchar(50)
144,Systolic_Diastolic_Blood_Pressure_Units,"OBX-6.2 segment where:
* OBX-3 = ""35094-2""
* OBX-2 = ""SN""",Systolic_Diastolic_Blood_Pressure_Units,Direct Input,Value from last message with same ESSENCE ID.,NEW,Yes,NA,No,varchar(50)
145,Event_Type_Code,"Direct input from HL7 message
EVN-1.1",NA,Not Ingested,Not Ingested,N/A,N/A,NA,No,NA
146,Insurance_Coverage,"Direct input from HL7 message
IN1-15",Insurance_Coverage,Direct Input,Value from last message with same ESSENCE ID.,Rename,Yes,NA,No,varchar(50)
148,Insurance_Company_ID,"Direct input from HL7 message:
IN1-3.1",Insurance_Company_ID,Direct Input,Value from last message with same ESSENCE ID.,NEW,Yes,NA,No,varchar(100)
149,Medication_List,"Entire OBX segment where:
* OBX-3 = ""10160-0""
* OBX-2 = ""TX""",Medication_List,Direct Input,Value from last message with same ESSENCE ID.,Rename,Yes,NA,No,varchar(MAX)
150,Medication_Code,"OBX-5.1, OBX-5.4 segment where:
* OBX-3 = ""8677-7"" History of Medication Use Reported (LOINC)
* OBX-2 = ""CWE""

Select all non-null values and concatenate if repeating",Medication_Code,Direct Input,Value from last message with same ESSENCE ID.,Rename,Yes,NA,No,varchar(MAX)
151,Medication_Description,"OBX-5 segment where:
* OBX-3 = ""8677-7"" History of Medication Use Reported (LOINC)
* OBX-2 = ""CWE""

Include non-null values from segments OBX-5.2, OBX-5.5, OBX-5.9",NA,Not Ingested,Not Ingested,N/A,N/A,NA,No,NA
152,Medication_Segment,"Entire OBX segment where:
* OBX-3 = ""8677-7"" History of Medication Use Reported (LOINC)
* OBX-2 = ""CWE""",NA,Not Ingested,Not Ingested,N/A,N/A,NA,No,NA
124.1,Provider_Type_Combo,"Store Provider_Type_Code and Provider_Type_Description in this field, accounting for null values.

For Repeating Codes store the values using the following methodology:
Code Description;Code Description;…

Note the space between Code and Description",Provider_Type_Combo,Direct Input,Value from last message with same ESSENCE ID.,NEW,Yes,NA,No,varchar(MAX)
153,Previous_Hospital_Unit,"Direct input from HL7 message
PV1-6.1",Previous_Hospital_Unit,Direct Input,Value from last message with same ESSENCE ID.,NEW,Yes,NA,No,varchar(80)
154,Pregnancy_Status_Code,"OBX-5.1, OBX-5.4 segment where:
* OBX-3 = ""11449-6"" Pregnancy Status (LOINC)
* OBX-2 = ""CWE""

Select first non-null value and concatenate if repeating",Pregnancy_Status_Code,Direct Input,Value from last message with same ESSENCE ID.,Rename,Yes,NA,No,varchar(50)
155,Pregnancy_Status_Description,"OBX-5.2, OBX-5.5, OBX-5.9 segment where:
* OBX-3 = ""11449-6"" Pregnancy Status (LOINC)
* OBX-2 = ""CWE""

Select first non-null value and concatenate if repeating",NA,Not Ingested,Not Ingested,Yes,Yes,NA,No,NA
156,Pregnancy_Status_Segment,"Entire OBX segment where:
* OBX-3 = ""11449-6"" Pregnancy Status (LOINC)
* OBX-2 = ""CWE""",NA,Not Ingested,Not Ingested,N/A,N/A,NA,No,NA
157,Hospital_Service,"Direct input from HL7 message
PV1-10.1",Hospital_Service,Direct Input,Value from last message with same ESSENCE ID.,NEW,Yes,NA,No,varchar(500)
158,Admit_Source,"Direct input from HL7 message:
PV1-14.1",Admit_Source,Direct Input,Value from last message with same ESSENCE ID.,NEW,Yes,NA,No,varchar(50)
159,Ambulatory_Status,"Direct input from HL7 message
PV1-15.1",NA,Not Ingested,Not Ingested,N/A,N/A,NA,No,NA
160,Admission_Type,"Direct input from HL7 message
PV1-4.1",Admission_Type,Direct Input,Value from last message with same ESSENCE ID.,NEW,Yes,NA,No,varchar(50)
161,Travel_History,"Entire OBX segment where:
* OBX-3 = ""10182-4"" History of Travel Narrative (LOINC)
* OBX-2 = ""TX""",Travel_History,Direct Input,Value from last message with same ESSENCE ID.,NEW,Yes,NA,No,varchar(MAX)
164,Discharge_Instructions,"Entire OBX segment where:
* OBX-3 = ""8653-8"" Hospital Discharge Instructions
* OBX-2 = ""TX""",Discharge_Instructions,Direct Input,Value from last message with same ESSENCE ID.,NEW,Yes,NA,No,varchar(MAX)
165,Initial_Evaluation_Note,"OBX-5.1 segment where:
* OBX-3 = ""34120-6""
* OBX-2 = ""TX""",NA,Not Ingested,Not Ingested,N/A,N/A,NA,No,NA
166,N/A,N/A,BaseFilename,This field will not be populated for CDC processing.,This field will not be populated for CDC processing.,No,Yes,NA,No,varchar(100)
167,Diagnosis_Priority,"Direct input from HL7 message
DG1-15.1

Concatenate if repeating",NA,Not Ingested,Not Ingested,N/A,N/A,NA,No,NA
170,N/A,N/A,ErrorFlag,This field will not be populated for CDC processing.,This field will not be populated for CDC processing.,No,Yes,NA,No,varchar(50)
171,N/A,N/A,ErrorMessage,This field will not be populated for CDC processing.,This field will not be populated for CDC processing.,No,Yes,NA,No,text
172,N/A,N/A,ProviderDiagnosis,This field will not be populated for CDC processing.,Not in Use (Planned for later development),No,Yes,NA,No,varchar(MAX)
173,N/A,N/A,RowID,Placeholder for information derived during later processing.,Auto-incrementing number. Not used for Processing,No,Yes,NA,No,numeric
175,N/A,N/A,TNCategory_flat,Placeholder for information derived during later processing.,"Resultant semicolon delimited list of Categories/Syndromes from the Triage Notes processor.

*functionality turned off for BioSense Platform ESSENCE - this field will be null*",No,Yes,NA,No,varchar(8000)
176,N/A,N/A,TNSubCategory_flat,Placeholder for information derived during later processing.,"Resultant semicolon delimited list of Sub-categories/Sub-syndromes from the Triage Notes processor.

*functionality turned off for BioSense Platform ESSENCE - this field will be null*",No,Yes,NA,No,varchar(8000)
177,N/A,N/A,VisitLoc,This field will not be populated for CDC processing.,Not in Use (Planned for later development),No,Yes,NA,No,varchar(20)
NA,N/A,N/A,AlternatePatientID,This field will not be populated for CDC processing.,This field will not be populated for CDC processing.,No,NA,NA,NA,varchar(100)
NA,N/A,N/A,BloodPressure,This field will not be populated for CDC processing.,This field will not be populated for CDC processing.,NA,NA,NA,NA,varchar(10)
NA,N/A,N/A,C_Patient_Class_List,Placeholder for information derived during later processing.,"
Alphabetic, deduplicated list of all Calculated Patient Class (C_Patient_Class) values present across messages with the same ESSENCE ID. 
Examples:
E
I
O
EO
EI
EV
IP
EIO

Note: A formatted description version of this field is used in ESSENCE screen display, applies only to values that have various combinations of E, I, and/or O. All other combinations are displayed as stored in the field.
Examples:
Emergency
Inpatient
Outpatient
Emergency, Outpatient
Emergency, Inpatient
EV
IP
Emergency, Inpatient, Outpatient

Note: This is referred to as the ""Calculated Patient Class History"" in the ESSENCE application. 

",NA,NA,NA,NA,varchar(MAX)
NA,N/A,N/A,HasBeenE,Calculated,"Set to 1 if  'E' is found in the  calculated patient class history list.  (c_patient_class_list)   Otherwise set to 0
Note, formatted descriptive data are displayed in ESSENCE screens as follows:
1 is displayed as  ""Yes"" 
0 is displayed as ""No""",NA,NA,NA,NA,int
NA,N/A,N/A,HasBeenI,Calculated,"Set to 1 if  'I' is found in the  calculated patient class history list (c_patient_class_list)  Otherwise set to 0.
Note, formatted descriptive data are displayed in ESSENCE screens as follows:
1 is displayed as  ""Yes"" 
0 is displayed as ""No""",NA,NA,NA,NA,int
NA,N/A,N/A,HasBeenO,Calculated,"Set to 1 if  'O' is found in the  calculated patient class history list (c_patient_class_list)  Otherwise set to 0.
Note, formatted descriptive data are displayed in ESSENCE screens as follows:
1 is displayed as  ""Yes"" 
0 is displayed as ""No""",NA,NA,NA,NA,int
NA,N/A,N/A,C_Patient_Class_MDT_Updates,Placeholder for information derived during later processing.,Calculated Patient Class Update Time – time the patient class & history fields were last updated,NA,NA,NA,NA,varchar(MAX)
NA,N/A,N/A,C_Patient_Class_Updates,Placeholder for information derived during later processing.,"All Calculated Patient Class (C_Patient_Class) values present across messages, stored in a consecutively deduplicated list.  Examples:
{1};O;{2};E;{3};I;{4};E; 

Note: this is referred to as ""Computed Patient Class History"" within the ESSENCE application.",NA,NA,NA,NA,varchar(MAX)
NA,N/A,N/A,CCPRowID,Temporary Autonumber used in the data processing.,Temporary Autonumber used in the data processing.,No,NA,NA,NA,numeric
NA,N/A,N/A,ChiefComplaintMDTUpdates,Placeholder for information derived during later processing.,"Time Chief Complaint was last updated.  For Chief Complaints that duplicated across messages, the first instance of the Chief Complaint is used to pull in Update Time",NA,NA,NA,NA,varchar(MAX)
NA,N/A,N/A,ChiefComplaintUpdates,Placeholder for information derived during later processing.,"deduplicated list of  chief complaint values for the series of messages, concatenated by |, including nulls/blanks",NA,NA,NA,NA,varchar(MAX)
NA,N/A,N/A,DateTimeAdded,This field will not be populated for CDC processing.,This field will not be populated for CDC processing.,No,NA,NA,NA,datetime
NA,N/A,N/A,DischargeDiagnosisMDTUpdates,Placeholder for information derived during later processing.,Discharge Diagnosis Update Time – time Discharge Diagnosis was last updated,NA,NA,NA,NA,varchar(MAX)
NA,N/A,N/A,DischargeDiagnosisUpdates,Placeholder for information derived during later processing.,DischargeDiagnosis History – all values for Discharge Diagnosis concatenated with |,NA,NA,NA,NA,varchar(MAX)
NA,N/A,N/A,DischargeDispositionMDTUpdates,Placeholder for information derived during later processing.,"Discharge Disposition Update Time – time Discharge Disposition last updated. For Discharge Dispositions that duplicated across messages, the first instance of the discharge disposition is used to pull in Update Time.",NA,NA,NA,NA,varchar(MAX)
NA,N/A,N/A,DischargeDispositionUpdates,Placeholder for information derived during later processing.,Discharge Disposition History – deduplicated list of values for that ESSENCE ID,NA,NA,NA,NA,varchar(MAX)
NA,N/A,N/A,Duplicate,temporary value used to flag duplicated records during Ingestion,temporary value used to flag duplicated records during Ingestion,No,NA,NA,NA,int
NA,N/A,N/A,EmployerZipCode,This field will not be populated for CDC processing.,This field will not be populated for CDC processing.,No,NA,NA,NA,varchar(50)
NA,N/A,N/A,EssenceID,Placeholder for information derived during later processing.,"JHU will need to modify the construction of the ESSENCE ID to use C_Unique_Patient_ID instead of MedRecNo.

ESSENCE ID Formula: 
Convert(varchar(20), [date] , 102) 
+ '.' 
+ Hospital 
+ '_' 
+ C_Unique_Patient_ID",No,NA,"JHU will need to modify the construction of the ESSENCE ID to use C_Unique_Patient_ID instead of MedRecNo.

ESSENCE ID Formula: 
Convert(varchar(20), [date] , 102) 
+ '.' 
+ Hospital 
+ '_' 
+ C_Unique_Patient_ID",NA,varchar(312)
NA,N/A,N/A,Ethnicity_flat,Placeholder for information derived during later processing.,"During Detection, placed in Cache_ER_Ethnicity and placed in Cache_ER_Base to Ethnicity_flat surrounded by semi-colons  .e.g.  ;Ethnicity;",NA,NA,NA,NA,varchar(240)
NA,N/A,N/A,HighestTemp,This field will not be populated for CDC processing.,Not in Use (Planned for later development),No,NA,NA,NA,varchar(10)
NA,N/A,N/A,HighestTemp_Calc,This field will not be populated for CDC processing.,Not in Use (Planned for later development),No,NA,NA,NA,decimal
NA,N/A,N/A,HospitalZipCode,Placeholder for information derived during later processing.,Not Populated in ER_Base. It is populated in the Cache_ER_Base to store the Zipcode of the Facility.,No,NA,NA,NA,varchar(9)
NA,N/A,N/A,InitEDAcuityAssessment,This field will not be populated for CDC processing.,Not in Use (Planned for later development),No,NA,NA,NA,varchar(255)
NA,N/A,N/A,IsBadBatch,This field will not be populated for CDC processing.,"Temporary Flag (set to 1) in the data processing to flag that record is being processed.

A crash will occur if this value remains 1.",No,NA,NA,NA,int
NA,N/A,N/A,LabOrderDataSet,This field will not be populated for CDC processing.,Not in Use (Planned for later development),No,NA,NA,NA,varchar(255)
NA,N/A,N/A,LabResultsDataSet,This field will not be populated for CDC processing.,Not in Use (Planned for later development),No,NA,NA,NA,varchar(210)
NA,N/A,N/A,ModeOfArrival,This field will not be populated for CDC processing.,"Stores the Arrival Mode if known.

Not in Use (Planned for later development)",No,NA,NA,NA,varchar(50)
NA,N/A,N/A,ObsSympClinicalFindings,This field will not be populated for CDC processing.,Not in Use (Planned for later development),No,NA,NA,NA,varchar(255)
NA,N/A,N/A,OnsetDateTimeText,This field will not be populated for CDC processing.,This field will not be populated for CDC processing.,NA,NA,NA,NA,varchar(50)
NA,N/A,N/A,Orig_Age,This field will not be populated for CDC processing.,This field will not be populated for CDC processing.,NA,NA,NA,NA,varchar(50)
NA,N/A,N/A,Orig_MessageDateTime,This field will not be populated for CDC processing.,This field will not be populated for CDC processing.,NA,NA,NA,NA,bit
NA,N/A,N/A,Orig_Sex,This field will not be populated for CDC processing.,This field will not be populated for CDC processing.,NA,NA,NA,NA,varchar(50)
NA,N/A,N/A,Orig_ZipCode,This field will not be populated for CDC processing.,This field will not be populated for CDC processing.,NA,NA,NA,NA,varchar(50)
NA,N/A,N/A,PatientClassList,Placeholder for information derived during later processing.,"
Alphabetic, deduplicated list of all reported Patient Class values present across messages with the same ESSENCE ID. 
Examples:
E
I
O
EO
EI
EV
IP
EIO

Note: A formatted description version of this field is used in ESSENCE screen display, applies only to values that have various combinations of E, I, and/or O. All other combinations are displayed as stored in the field.
Examples:
Emergency
Inpatient
Outpatient
Emergency, Outpatient
Emergency, Inpatient
EV
IP
Emergency, Inpatient, Outpatient
",NA,NA,NA,NA,varchar(MAX)
NA,N/A,N/A,PatientClassMDTUpdates,Placeholder for information derived during later processing.,Patient Class Update Time – time the patient class & history fields were last updated,NA,NA,NA,NA,varchar(MAX)
NA,N/A,N/A,PatientClassUpdates,Placeholder for information derived during later processing.,"All reported Patient Class values present across messages, stored in a consecutively deduplicated list.  Examples:
{1};O;{2};E;{3};I;{4};E;",NA,NA,NA,NA,varchar(MAX)
NA,N/A,N/A,PatientFirstInitial,This field will not be populated for CDC processing.,Not in Use (Planned for later development),No,NA,NA,NA,varchar(50)
NA,N/A,N/A,PatientLastInitial,This field will not be populated for CDC processing.,Not in Use (Planned for later development),No,NA,NA,NA,varchar(50)
NA,N/A,N/A,PatientStreetAddress,This field will not be populated for CDC processing.,Not in Use (Planned for later development),No,NA,NA,NA,varchar(255)
NA,N/A,N/A,Race_flat,Placeholder for information derived during later processing.,Detection placed in Cache_ER_Race and placed in Cache_ER_Base to Race_flat surrounded by semi-colons  .e.g.   ;Race;,NA,NA,NA,NA,varchar(240)
NA,N/A,N/A,TriageNotesParsed,Placeholder for information derived during later processing.,This column is populated as part of processing and parsingTriage Notes within ESSENCE.,NA,NA,NA,NA,varchar(MAX)
NA,N/A,N/A,Trigger_Event_MDT_Updates,Placeholder for information derived during later processing.,Timestamp to record when a message was processed that can be associated with the companion History Field,NA,NA,NA,NA,varchar(MAX)
NA,N/A,N/A,Trigger_Event_Updates,Placeholder for information derived during later processing.,Trigger Event History Field:  contains all Trigger_Event values from the message over time.,NA,NA,NA,NA,varchar(MAX)
NA,N/A,N/A,VisitNumber,This field will not be populated for CDC processing.,This field will not be populated for CDC processing.,No,NA,NA,NA,varchar(50)
NA,N/A,N/A,VitalSignData,This field will not be populated for CDC processing.,Not in Use (Planned for later development),No,NA,NA,NA,varchar(255)
NA,N/A,N/A,ZipCode4,This field will not be populated for CDC processing.,This field will not be populated for CDC processing.,NA,NA,NA,NA,varchar(50)
NA,N/A,N/A,Process,Placeholder for information derived during later processing.,"Indicates the processing status of a record in ER_Base. Three possible values:

1 = needs to be processed
0 = has been processed
-1 = error during processing",NA,NA,NA,NA,int
NA,N/A,N/A,StagingDateProcessed,Placeholder for information derived during later processing.,ESSENCE populates this column with the date/time record was successfully  processed into ER_Base,NA,NA,NA,NA,datetime
NA,N/A,N/A,StagingRowID,Placeholder for information derived during later processing.,Store the record's row number from ER_Import_Staging_Table,NA,NA,NA,NA,bigint
NA,N/A,N/A,LastModifiedDate,ESSENCE populates this column with the date/time record was written to ER Import Staging,Not Ingested,NA,NA,NA,NA,datetime
NA,N/A,N/A,FacilityID,This field will not be populated for CDC processing.,This field will not be populated for CDC processing.,NA,NA,NA,NA,varchar(105)
NA,N/A,N/A,DeathDateTime,This field will not be populated for CDC processing.,This field will not be populated for CDC processing.,NA,NA,NA,NA,datetime
NA,N/A,N/A,DeathIndicator,This field will not be populated for CDC processing.,This field will not be populated for CDC processing.,NA,NA,NA,NA,varchar(10)
NA,N/A,N/A,DiagnosisText,This field will not be populated for CDC processing.,This field will not be populated for CDC processing.,NA,NA,NA,NA,varchar(2000)
NA,N/A,N/A,DispositionDateTime,This field will not be populated for CDC processing.,This field will not be populated for CDC processing.,NA,NA,NA,NA,datetime
NA,N/A,N/A,DiagnosisDateTime,This field will not be populated for CDC processing.,This field will not be populated for CDC processing.,NA,NA,NA,NA,datetime
NA,N/A,N/A,ProcedureCode,This field will not be populated for CDC processing.,This field will not be populated for CDC processing.,NA,NA,NA,NA,varchar(max)
NA,Str_Arrived_Date_Time,"Date the message arrived at the BioSense Platform and was picked up for scrubbing

Stored as a String in the database",NA,Not Ingested,Not Ingested,N/A,N/A,NA,No,NA
NA,Str_Age_Calculated,"OBX-5 segment where OBX-3 segment ID '29553-5' 

Stored as a String in the database",NA,Not Ingested,Not Ingested,N/A,N/A,NA,No,NA
NA,Str_Age_Reported,"OBX-5 segment where OBX-3 observation identifier of 21612-7 AGE-REPORTED (LOINC) and OBX-2 Value Type=""NM"" 

Stored as a String in the database",NA,Not Ingested,Not Ingested,N/A,N/A,NA,No,NA
NA,Str_Birth_Date_Time,"Direct input from HL7 message
PID-7.1 

Stored as a String in the database",NA,Not Ingested,Not Ingested,N/A,N/A,NA,No,NA
NA,Str_Admit_Date_Time,"Direct input from the HL7 message
PV1-44.1

Stored as a String in the database",NA,Not Ingested,Not Ingested,N/A,N/A,NA,No,NA
NA,Str_Discharge_Date_Time,"Direct input from HL7 message
PV1-45.1 

Stored as a String in the database",NA,Not Ingested,Not Ingested,N/A,N/A,NA,No,NA
NA,Str_Procedure_Date_Time,"Direct input from HL7 message
PR1-5.1 

If repeating, select the earliest date.

Stored as a String in the database",NA,Not Ingested,Not Ingested,N/A,N/A,NA,No,NA
NA,Str_Death_Date_Time,"Direct input from HL7 message
PID-29.1 

Stored as a String in the database",NA,Not Ingested,Not Ingested,N/A,N/A,NA,No,NA
NA,Str_Recorded_Date_Time,"Direct input from HL7 message
EVN-2.1 

Stored as a String in the database",NA,Not Ingested,Not Ingested,N/A,N/A,NA,No,NA
NA,Str_Message_Date_Time,"Direct input from HL7 message
MSH-7.1 

Stored as a String in the database",NA,Not Ingested,Not Ingested,N/A,N/A,NA,No,NA
NA,Initial_Temp,"OBX-5.1 Segment where
* OBX-3 = 11289-6 AND/OR
* OBX-3 = 8310-5 AND
* OBX-2 = ""NM""

concatenate repeating segments

NOTE: If the Initial Temp measurement reported does not ""fit"" into the decimal(6,2) datatype, the measurement will not be stored in Initial_Temp. The string value of the measurement will still be stored in Str_Initial_Temp.",NA,Not Ingested,Not Ingested,N/A,N/A,NA,No,NA
NA,Str_Initial_Pulse_Oximetry,"OBX-5.1 segment where:
* OBX-3 = 59408-5 
* OBX-2=""NM""

Stored as a String in the database",NA,Not Ingested,Not Ingested,N/A,N/A,NA,No,NA
NA,Str_Height,"OBX-5.1 segment where:
* OBX-3 = ""8302-2"" Body Height (LOINC)
* OBX-2 = ""NM""

Stored as a String in the database",NA,Not Ingested,Not Ingested,N/A,N/A,NA,No,NA
NA,Str_Weight,"OBX-5.1 segment where:
* OBX-3 = ""3141-9"" Body Weight Measured (LOINC)
* OBX-2 = ""NM""

Stored as a String in the database",NA,Not Ingested,Not Ingested,N/A,N/A,NA,No,NA
NA,Str_Body_Mass_Index,"OBX-5.1 segment where:
* OBX-3 = ""59574-4"" Body Mass Index (LOINC)
* OBX-2 = ""NM""

Stored as a String in the database",NA,Not Ingested,Not Ingested,N/A,N/A,NA,No,NA
NA,Str_Systolic_Blood_Pressure,"OBX-5.1 segment where:
* OBX-3 = ""8480-6""
* OBX-2 = ""NM""

Stored as a String in the database",NA,Not Ingested,Not Ingested,N/A,N/A,NA,No,NA
NA,Str_Diastolic_Blood_Pressure,"OBX-5.1 segment where:
* OBX-3 = ""8462-4""
* OBX-2 = ""NM""
Stored as a String in the database",NA,Not Ingested,Not Ingested,N/A,N/A,NA,No,NA
NA,Str_Systolic_Diastolic_Blood_Pressure,"OBX-5 segment where:
* OBX-3 = ""35094-2""
* OBX-2 = ""SN""

Stored as a String in the database",NA,Not Ingested,Not Ingested,N/A,N/A,NA,No,NA
NA,Str_Diagnosis_Date_Time,"Direct input from HL7 message
DG1-5.1

If repeating, select the earliest date.

Stored as a String in the database",NA,Not Ingested,Not Ingested,N/A,N/A,NA,No,NA
NA,Str_Observation_Date_Time,"Direct input from HL7 message
OBX-14

If repeating, select the earliest date.

Stored as a String in the database",NA,Not Ingested,Not Ingested,N/A,N/A,NA,No,NA
NA,Str_Onset_Date,"OBX-5.1 segment where:
* OBX-3 = 11368-8
* OBX-2=""TS""

Stored as a String in the database",NA,Not Ingested,Not Ingested,N/A,N/A,NA,No,NA
NA,Processed_ID,Auto generated as the record is written in to the database,NA,Not Ingested,Not Ingested,N/A,N/A,NA,No,NA
NA,Servicing_Facility,"Direct input from HL7 message 
PV1-39.1",NA,Not Ingested,Not Ingested,N/A,N/A,NA,No,NA
NA,Update_Essence,This value will default to 'N' when a record is inserted into the Processed table. Once the record has been successfully written into the ESSENCE Staging table it will be updated to 'Y',NA,Not Ingested,Not Ingested,N/A,N/A,NA,No,NA
NA,C_BioSense_Facility_ID,This field will be looked up from the Operational Crosswalk at the time of processing and associated with this record.,Hospital,Direct Input,Value from last message with same ESSENCE ID.,NEW,No,NA,No,varchar(200)
NA,Legacy_Flag,"A flag that will identify a record on whether it was migrated from Legacy BioSense or ingested as part of Standard Procedure for the Archive.

Y = Record was ingested from Legacy",Legacy_Flag,Direct Input,Value from last message with same ESSENCE ID.,NEW,No,NA,No,varchar(5)
